{"_type":"export","__export_format":4,"__export_date":"2021-09-20T17:43:44.990Z","__export_source":"insomnia.desktop.app:v2021.2.2","resources":[{"_id":"req_a2c8077c500c4b83b7fd1472d2dcdab7","parentId":"fld_7a6c8fb1864c4159977a66e61c2b41ef","modified":1632136676126,"created":1631552929865,"url":"http://localhost:8080/ponto/cadastrar","name":"POST Ponto Eletronico","description":"","method":"POST","body":{"mimeType":"application/json","text":"{\n\t\"funcionario\":{\n\t\t\"id\":2\n\t}\n}"},"parameters":[],"headers":[{"name":"Content-Type","value":"application/json","id":"pair_92542b94204d4756858f41aab8ec8dc8"}],"authentication":{},"metaSortKey":-1631542046471.25,"isPrivate":false,"settingStoreCookies":true,"settingSendCookies":true,"settingDisableRenderRequestBody":false,"settingEncodeUrl":true,"settingRebuildPath":true,"settingFollowRedirects":"global","_type":"request"},{"_id":"fld_7a6c8fb1864c4159977a66e61c2b41ef","parentId":"fld_febac94f9b264863af76642f4cdc86b9","modified":1631552903554,"created":1631552903554,"name":"Ponto Eletronico","description":"","environment":{},"environmentPropertyOrder":null,"metaSortKey":-1631552903554,"_type":"request_group"},{"_id":"fld_febac94f9b264863af76642f4cdc86b9","parentId":"wrk_c94fee3e10634b93b1e1bb35e2b67509","modified":1631545414034,"created":1631545414034,"name":"Exercicio2","description":"","environment":{},"environmentPropertyOrder":null,"metaSortKey":-1631545414034,"_type":"request_group"},{"_id":"wrk_c94fee3e10634b93b1e1bb35e2b67509","parentId":null,"modified":1631713288049,"created":1619282794074,"name":"Exercicio02 - ponto eletronico","description":"","scope":"collection","_type":"workspace"},{"_id":"req_7d5e524ca4ca4983bc740b2a74a3f173","parentId":"fld_7a6c8fb1864c4159977a66e61c2b41ef","modified":1631804301343,"created":1631552916148,"url":"http://localhost:8080/ponto","name":"GET PontoEletronico","description":"","method":"GET","body":{},"parameters":[],"headers":[],"authentication":{},"metaSortKey":-1631542046446.25,"isPrivate":false,"settingStoreCookies":true,"settingSendCookies":true,"settingDisableRenderRequestBody":false,"settingEncodeUrl":true,"settingRebuildPath":true,"settingFollowRedirects":"global","_type":"request"},{"_id":"req_f3d822177e6242f594c4e9057e9a3ac9","parentId":"fld_7a6c8fb1864c4159977a66e61c2b41ef","modified":1631885721227,"created":1631817258738,"url":"http://localhost:8080/ponto/um-ponto-especifico/1","name":"GET PontoEletronico por id","description":"","method":"GET","body":{},"parameters":[],"headers":[],"authentication":{},"metaSortKey":-1631541199979.8125,"isPrivate":false,"settingStoreCookies":true,"settingSendCookies":true,"settingDisableRenderRequestBody":false,"settingEncodeUrl":true,"settingRebuildPath":true,"settingFollowRedirects":"global","_type":"request"},{"_id":"req_b3701015b2ba4dd29f683c75363c64ed","parentId":"fld_7a6c8fb1864c4159977a66e61c2b41ef","modified":1631884451070,"created":1631708297838,"url":"http://localhost:8080/ponto/todos-pontos-de-um-funcionario/1","name":"GET PontoEletronico por Id funcionario","description":"","method":"GET","body":{},"parameters":[],"headers":[],"authentication":{},"metaSortKey":-1631540353513.375,"isPrivate":false,"settingStoreCookies":true,"settingSendCookies":true,"settingDisableRenderRequestBody":false,"settingEncodeUrl":true,"settingRebuildPath":true,"settingFollowRedirects":"global","_type":"request"},{"_id":"req_921d413415944addbb5336be7b166987","parentId":"fld_7a6c8fb1864c4159977a66e61c2b41ef","modified":1631817868991,"created":1631817710916,"url":"http://localhost:8080/ponto/todos-pontos-de-um-funcionario-no-dia/1","name":"GET Pontos do DIA por id funcionario","description":"","method":"GET","body":{},"parameters":[],"headers":[],"authentication":{},"metaSortKey":-1631536121181.1875,"isPrivate":false,"settingStoreCookies":true,"settingSendCookies":true,"settingDisableRenderRequestBody":false,"settingEncodeUrl":true,"settingRebuildPath":true,"settingFollowRedirects":"global","_type":"request"},{"_id":"req_8155c5aa828d4199a8f6981d116e4a78","parentId":"fld_7a6c8fb1864c4159977a66e61c2b41ef","modified":1631885253603,"created":1631884717892,"url":"http://localhost:8080/ponto/atrasos-de-um-funcionario-na-semana/1","name":"GET Pontos ATRASADOS do funcionário da SEMANA","description":"","method":"GET","body":{},"parameters":[],"headers":[],"authentication":{},"metaSortKey":-1631534005015.0938,"isPrivate":false,"settingStoreCookies":true,"settingSendCookies":true,"settingDisableRenderRequestBody":false,"settingEncodeUrl":true,"settingRebuildPath":true,"settingFollowRedirects":"global","_type":"request"},{"_id":"req_6fc6f6a66afa4eef9a284d54c7496682","parentId":"fld_53ca256dd05544a580009d72b9add2b1","modified":1631911252636,"created":1631545532018,"url":"http://localhost:8080/funcionario/cadastrar","name":"POST funcionario","description":"","method":"POST","body":{"mimeType":"application/json","text":"{\n\t\"nome\":\"willi\"\n}"},"parameters":[],"headers":[{"name":"Content-Type","value":"application/json","id":"pair_92542b94204d4756858f41aab8ec8dc8"}],"authentication":{},"metaSortKey":-1631545432362,"isPrivate":false,"settingStoreCookies":true,"settingSendCookies":true,"settingDisableRenderRequestBody":false,"settingEncodeUrl":true,"settingRebuildPath":true,"settingFollowRedirects":"global","_type":"request"},{"_id":"fld_53ca256dd05544a580009d72b9add2b1","parentId":"fld_febac94f9b264863af76642f4cdc86b9","modified":1631545436042,"created":1631545436042,"name":"Funcionario","description":"","environment":{},"environmentPropertyOrder":null,"metaSortKey":-1631545436042,"_type":"request_group"},{"_id":"req_0a4d5fddd29b4f37b76fef08cae95871","parentId":"fld_53ca256dd05544a580009d72b9add2b1","modified":1631798196717,"created":1631545428522,"url":"http://localhost:8080/funcionario","name":"GET funcionario","description":"","method":"GET","body":{},"parameters":[],"headers":[],"authentication":{},"metaSortKey":-1631545432312,"isPrivate":false,"settingStoreCookies":true,"settingSendCookies":true,"settingDisableRenderRequestBody":false,"settingEncodeUrl":true,"settingRebuildPath":true,"settingFollowRedirects":"global","_type":"request"},{"_id":"req_8091181930ba49f99826edd62bc098a7","parentId":"fld_53ca256dd05544a580009d72b9add2b1","modified":1631802034785,"created":1631798072479,"url":"http://localhost:8080/funcionario/2","name":"GET funcionario pelo ID","description":"","method":"GET","body":{},"parameters":[],"headers":[],"authentication":{},"metaSortKey":-1631543739391.625,"isPrivate":false,"settingStoreCookies":true,"settingSendCookies":true,"settingDisableRenderRequestBody":false,"settingEncodeUrl":true,"settingRebuildPath":true,"settingFollowRedirects":"global","_type":"request"},{"_id":"req_7bdc17a465ea4ab8a5a2ffc6476ab47a","parentId":"fld_53ca256dd05544a580009d72b9add2b1","modified":1632136747984,"created":1631890063119,"url":"http://localhost:8080/funcionario/bloquear/2","name":"PUT Bloquear por ID","description":"","method":"PUT","body":{},"parameters":[],"headers":[],"authentication":{},"metaSortKey":-1631543739366.625,"isPrivate":false,"settingStoreCookies":true,"settingSendCookies":true,"settingDisableRenderRequestBody":false,"settingEncodeUrl":true,"settingRebuildPath":true,"settingFollowRedirects":"global","_type":"request"},{"_id":"req_c1fca83a43e44c58b2ea6172525dd1b6","parentId":"fld_53ca256dd05544a580009d72b9add2b1","modified":1632136763568,"created":1631890034688,"url":"http://localhost:8080/funcionario/desbloquear/2","name":"PUT Desbloquear por ID","description":"","method":"PUT","body":{},"parameters":[],"headers":[],"authentication":{},"metaSortKey":-1631543739341.625,"isPrivate":false,"settingStoreCookies":true,"settingSendCookies":true,"settingDisableRenderRequestBody":false,"settingEncodeUrl":true,"settingRebuildPath":true,"settingFollowRedirects":"global","_type":"request"},{"_id":"env_fe66bdbd03b77d43e43be2ced1a8632440f1bfe5","parentId":"wrk_c94fee3e10634b93b1e1bb35e2b67509","modified":1619282794134,"created":1619282794134,"name":"Base Environment","data":{},"dataPropertyOrder":null,"color":null,"isPrivate":false,"metaSortKey":1619282794134,"_type":"environment"},{"_id":"jar_fe66bdbd03b77d43e43be2ced1a8632440f1bfe5","parentId":"wrk_c94fee3e10634b93b1e1bb35e2b67509","modified":1619282794137,"created":1619282794137,"name":"Default Jar","cookies":[],"_type":"cookie_jar"},{"_id":"spc_e40fd78df97f4894aa08a3424299488e","parentId":"wrk_c94fee3e10634b93b1e1bb35e2b67509","modified":1619282794075,"created":1619282794075,"fileName":"Insomnia","contents":"","contentType":"yaml","_type":"api_spec"}]}