{"_type":"export","__export_format":4,"__export_date":"2021-09-21T18:55:08.077Z","__export_source":"insomnia.desktop.app:v2021.2.2","resources":[{"_id":"req_626b4521d8cb4271be57fa8448fec13d","parentId":"fld_c3a6aa19d2ff45cbbc4ab2ce6e3919ce","modified":1632227979977,"created":1632163967966,"url":"http://localhost:8080/clientes/cadastrar","name":"POST Clientes","description":"","method":"POST","body":{"mimeType":"application/json","text":"{\n\t\"nomeCliente\":\"Gabriel\"\n}"},"parameters":[],"headers":[{"name":"Content-Type","value":"application/json","id":"pair_bcc65e6c657141e78ecf365b47e19aa1"}],"authentication":{},"metaSortKey":-1632163967966,"isPrivate":false,"settingStoreCookies":true,"settingSendCookies":true,"settingDisableRenderRequestBody":false,"settingEncodeUrl":true,"settingRebuildPath":true,"settingFollowRedirects":"global","_type":"request"},{"_id":"fld_c3a6aa19d2ff45cbbc4ab2ce6e3919ce","parentId":"wrk_f762bea89ab04b51a38ae4dcd69b9b3f","modified":1632163685817,"created":1632163685817,"name":"Cliente","description":"","environment":{},"environmentPropertyOrder":null,"metaSortKey":-1632163685817,"_type":"request_group"},{"_id":"wrk_f762bea89ab04b51a38ae4dcd69b9b3f","parentId":null,"modified":1632163678740,"created":1632163678740,"name":"Exercicio 03 - Orçamentos para Mecânica","description":"","scope":"collection","_type":"workspace"},{"_id":"req_84931834d91443648a8157aafd548bff","parentId":"fld_c3a6aa19d2ff45cbbc4ab2ce6e3919ce","modified":1632163988424,"created":1632163696517,"url":"http://localhost:8080/clientes","name":"GET Clientes","description":"","method":"GET","body":{},"parameters":[],"headers":[],"authentication":{},"metaSortKey":-1632163696517,"isPrivate":false,"settingStoreCookies":true,"settingSendCookies":true,"settingDisableRenderRequestBody":false,"settingEncodeUrl":true,"settingRebuildPath":true,"settingFollowRedirects":"global","_type":"request"},{"_id":"req_e5618c66bfcb4b76bd40efb1eccae2f3","parentId":"fld_c3a6aa19d2ff45cbbc4ab2ce6e3919ce","modified":1632163985032,"created":1632163920407,"url":"http://localhost:8080/clientes/1","name":"GET Cliente pelo ID","description":"","method":"GET","body":{},"parameters":[],"headers":[],"authentication":{},"metaSortKey":-1632163696467,"isPrivate":false,"settingStoreCookies":true,"settingSendCookies":true,"settingDisableRenderRequestBody":false,"settingEncodeUrl":true,"settingRebuildPath":true,"settingFollowRedirects":"global","_type":"request"},{"_id":"req_5dc623b0e6e94062847b05ccbee0f9d0","parentId":"fld_c3a6aa19d2ff45cbbc4ab2ce6e3919ce","modified":1632164127609,"created":1632164012090,"url":"http://localhost:8080/clientes/excluir/1","name":"DELETE cliente","description":"","method":"DELETE","body":{},"parameters":[],"headers":[],"authentication":{},"metaSortKey":-1632163696417,"isPrivate":false,"settingStoreCookies":true,"settingSendCookies":true,"settingDisableRenderRequestBody":false,"settingEncodeUrl":true,"settingRebuildPath":true,"settingFollowRedirects":"global","_type":"request"},{"_id":"req_46cb6b5e971e4aea807e467903e42922","parentId":"fld_1b94d37a756e4931a19713c0368077c0","modified":1632228000233,"created":1632165738459,"url":"http://localhost:8080/funcionarios/cadastrar","name":"POST Funcionario","description":"","method":"POST","body":{"mimeType":"application/json","text":"{\n\t\"nomeFuncionario\":\"pablo\"\n}"},"parameters":[],"headers":[{"name":"Content-Type","value":"application/json","id":"pair_bcc65e6c657141e78ecf365b47e19aa1"}],"authentication":{},"metaSortKey":-1632163967966,"isPrivate":false,"settingStoreCookies":true,"settingSendCookies":true,"settingDisableRenderRequestBody":false,"settingEncodeUrl":true,"settingRebuildPath":true,"settingFollowRedirects":"global","_type":"request"},{"_id":"fld_1b94d37a756e4931a19713c0368077c0","parentId":"wrk_f762bea89ab04b51a38ae4dcd69b9b3f","modified":1632165738448,"created":1632165738448,"name":"Funcionario","description":"","environment":{},"environmentPropertyOrder":null,"metaSortKey":-1631858294685.5,"_type":"request_group"},{"_id":"req_f319bd3b6f9041ddad60230abca55ea6","parentId":"fld_1b94d37a756e4931a19713c0368077c0","modified":1632165948227,"created":1632165738452,"url":"http://localhost:8080/funcionarios","name":"GET Funcionario","description":"","method":"GET","body":{},"parameters":[],"headers":[],"authentication":{},"metaSortKey":-1632163696517,"isPrivate":false,"settingStoreCookies":true,"settingSendCookies":true,"settingDisableRenderRequestBody":false,"settingEncodeUrl":true,"settingRebuildPath":true,"settingFollowRedirects":"global","_type":"request"},{"_id":"req_da092e088aba4f3d89a794b7df1aaf1f","parentId":"fld_1b94d37a756e4931a19713c0368077c0","modified":1632166006529,"created":1632165738455,"url":"http://localhost:8080/funcionarios/2","name":"GET Funcionariopelo ID","description":"","method":"GET","body":{},"parameters":[],"headers":[],"authentication":{},"metaSortKey":-1632163696467,"isPrivate":false,"settingStoreCookies":true,"settingSendCookies":true,"settingDisableRenderRequestBody":false,"settingEncodeUrl":true,"settingRebuildPath":true,"settingFollowRedirects":"global","_type":"request"},{"_id":"req_59368b110f9946dfa26e13b29dfab321","parentId":"fld_1b94d37a756e4931a19713c0368077c0","modified":1632166012280,"created":1632165738462,"url":"http://localhost:8080/funcionarios/excluir/2","name":"DELETE Funcionario","description":"","method":"DELETE","body":{},"parameters":[],"headers":[],"authentication":{},"metaSortKey":-1632163696417,"isPrivate":false,"settingStoreCookies":true,"settingSendCookies":true,"settingDisableRenderRequestBody":false,"settingEncodeUrl":true,"settingRebuildPath":true,"settingFollowRedirects":"global","_type":"request"},{"_id":"req_c5d7a69c336547989ca12e48c088d865","parentId":"fld_6ce07d592fe64241aed1a9d8d0754681","modified":1632232229689,"created":1632167971443,"url":"http://localhost:8080/veiculos/cadastrar","name":"POST Veiculo","description":"","method":"POST","body":{"mimeType":"application/json","text":"{\n\t\"modelo\":\"corsa\",\n\t\"placa\":\"aaa-0111\",\n\t\"cliente\":{\n\t\t\"id\":1\n\t}\n}"},"parameters":[],"headers":[{"name":"Content-Type","value":"application/json","id":"pair_bcc65e6c657141e78ecf365b47e19aa1"}],"authentication":{},"metaSortKey":-1632163967966,"isPrivate":false,"settingStoreCookies":true,"settingSendCookies":true,"settingDisableRenderRequestBody":false,"settingEncodeUrl":true,"settingRebuildPath":true,"settingFollowRedirects":"global","_type":"request"},{"_id":"fld_6ce07d592fe64241aed1a9d8d0754681","parentId":"wrk_f762bea89ab04b51a38ae4dcd69b9b3f","modified":1632167971428,"created":1632167971428,"name":"Veiculo","description":"","environment":{},"environmentPropertyOrder":null,"metaSortKey":-1631705599119.75,"_type":"request_group"},{"_id":"req_d9c748c11a3643a8aa3b2b3762d8c252","parentId":"fld_6ce07d592fe64241aed1a9d8d0754681","modified":1632168539279,"created":1632167971435,"url":"http://localhost:8080/veiculos","name":"GET Veiculo","description":"","method":"GET","body":{},"parameters":[],"headers":[],"authentication":{},"metaSortKey":-1632163696517,"isPrivate":false,"settingStoreCookies":true,"settingSendCookies":true,"settingDisableRenderRequestBody":false,"settingEncodeUrl":true,"settingRebuildPath":true,"settingFollowRedirects":"global","_type":"request"},{"_id":"req_cadc2371021246488cbf2548330b5ece","parentId":"fld_6ce07d592fe64241aed1a9d8d0754681","modified":1632168759938,"created":1632167971440,"url":"http://localhost:8080/veiculos/2","name":"GET Funcionariopelo ID","description":"","method":"GET","body":{},"parameters":[],"headers":[],"authentication":{},"metaSortKey":-1632163696467,"isPrivate":false,"settingStoreCookies":true,"settingSendCookies":true,"settingDisableRenderRequestBody":false,"settingEncodeUrl":true,"settingRebuildPath":true,"settingFollowRedirects":"global","_type":"request"},{"_id":"req_55dc95c3741540dbab0319abde5bb80f","parentId":"fld_6ce07d592fe64241aed1a9d8d0754681","modified":1632168780522,"created":1632167971446,"url":"http://localhost:8080/veiculos/excluir/2","name":"DELETE Funcionario","description":"","method":"DELETE","body":{},"parameters":[],"headers":[],"authentication":{},"metaSortKey":-1632163696417,"isPrivate":false,"settingStoreCookies":true,"settingSendCookies":true,"settingDisableRenderRequestBody":false,"settingEncodeUrl":true,"settingRebuildPath":true,"settingFollowRedirects":"global","_type":"request"},{"_id":"req_05778ead36d5477bb1911b59f5fe39a7","parentId":"fld_dd38c4528cb5423b823b4b0b2c167390","modified":1632246640223,"created":1632222539743,"url":"http://localhost:8080/servicos/cadastrar","name":"POST Serviço","description":"","method":"POST","body":{"mimeType":"application/json","text":"{\n\t\"nome\":\"Trocar pastilia do freio\",\n\t\"valor\":49.99\n}"},"parameters":[],"headers":[{"name":"Content-Type","value":"application/json","id":"pair_bcc65e6c657141e78ecf365b47e19aa1"}],"authentication":{},"metaSortKey":-1632163967966,"isPrivate":false,"settingStoreCookies":true,"settingSendCookies":true,"settingDisableRenderRequestBody":false,"settingEncodeUrl":true,"settingRebuildPath":true,"settingFollowRedirects":"global","_type":"request"},{"_id":"fld_dd38c4528cb5423b823b4b0b2c167390","parentId":"wrk_f762bea89ab04b51a38ae4dcd69b9b3f","modified":1632222539729,"created":1632222539729,"name":"Serviço","description":"","environment":{},"environmentPropertyOrder":null,"metaSortKey":-1631629251336.875,"_type":"request_group"},{"_id":"req_f6b0b36400814c47805865baf8d4de1a","parentId":"fld_dd38c4528cb5423b823b4b0b2c167390","modified":1632222628472,"created":1632222539734,"url":"http://localhost:8080/servicos","name":"GET Serviço","description":"","method":"GET","body":{},"parameters":[],"headers":[],"authentication":{},"metaSortKey":-1632163696517,"isPrivate":false,"settingStoreCookies":true,"settingSendCookies":true,"settingDisableRenderRequestBody":false,"settingEncodeUrl":true,"settingRebuildPath":true,"settingFollowRedirects":"global","_type":"request"},{"_id":"req_41e478db4d854986963b1c5e1d4d2b18","parentId":"fld_dd38c4528cb5423b823b4b0b2c167390","modified":1632223007254,"created":1632222539739,"url":"http://localhost:8080/servicos/1","name":"GET Serviço pelo ID","description":"","method":"GET","body":{},"parameters":[],"headers":[],"authentication":{},"metaSortKey":-1632163696467,"isPrivate":false,"settingStoreCookies":true,"settingSendCookies":true,"settingDisableRenderRequestBody":false,"settingEncodeUrl":true,"settingRebuildPath":true,"settingFollowRedirects":"global","_type":"request"},{"_id":"req_ef01b925d1034a048d74585003c62fe7","parentId":"fld_dd38c4528cb5423b823b4b0b2c167390","modified":1632226400795,"created":1632222539749,"url":"http://localhost:8080/servicos/excluir/3","name":"DELETE Serviço","description":"","method":"DELETE","body":{},"parameters":[],"headers":[],"authentication":{},"metaSortKey":-1632163696417,"isPrivate":false,"settingStoreCookies":true,"settingSendCookies":true,"settingDisableRenderRequestBody":false,"settingEncodeUrl":true,"settingRebuildPath":true,"settingFollowRedirects":"global","_type":"request"},{"_id":"req_d7262dc2feb74622a2be38ee545a9a65","parentId":"fld_24bcb9de9f744f02b1d62a792d5472b4","modified":1632245573098,"created":1632223971952,"url":"http://localhost:8080/orcamento/cadastrar","name":"POST Orçamento","description":"","method":"POST","body":{"mimeType":"application/json","text":"{\n\t\"veiculo\":{\n\t\t\"id\":1\n\t},\n\t\"funcionario\":{\n\t\t\"id\":1\n\t},\n\t\"itens\":\t\n\t[\n\t\t{\n\t\t\t\"observação\" : \"\",\n\t\t\t\"tempoDeServico\": 2,\n\t\t\t\"servico\":{\n\t\t\t \"id\":1\n\t\t }\n\t\t},\n\t\t{\n\t\t\t\"observação\" : \"\",\n\t\t\t\"tempoDeServico\": 4,\n\t\t\t\"servico\":{\n\t\t\t \"id\":2\n\t\t }\n\t\t},\n\t\t{\n\t\t\t\"observação\" : \"\",\n\t\t\t\"tempoDeServico\": 1,\n\t\t\t\"servico\":{\n\t\t\t \"id\":3\n\t\t }\n\t\t}\n\t]\n}"},"parameters":[],"headers":[{"name":"Content-Type","value":"application/json","id":"pair_bcc65e6c657141e78ecf365b47e19aa1"}],"authentication":{},"metaSortKey":-1632163967966,"isPrivate":false,"settingStoreCookies":true,"settingSendCookies":true,"settingDisableRenderRequestBody":false,"settingEncodeUrl":true,"settingRebuildPath":true,"settingFollowRedirects":"global","_type":"request"},{"_id":"fld_24bcb9de9f744f02b1d62a792d5472b4","parentId":"wrk_f762bea89ab04b51a38ae4dcd69b9b3f","modified":1632223971933,"created":1632223971933,"name":"Orcamento","description":"","environment":{},"environmentPropertyOrder":null,"metaSortKey":-1631591077445.4375,"_type":"request_group"},{"_id":"req_111e6f3e79e54596a5ff1d81909f976a","parentId":"fld_24bcb9de9f744f02b1d62a792d5472b4","modified":1632226370935,"created":1632223971940,"url":"http://localhost:8080/orcamento","name":"GET Orçamento","description":"","method":"GET","body":{},"parameters":[],"headers":[],"authentication":{},"metaSortKey":-1632163696517,"isPrivate":false,"settingStoreCookies":true,"settingSendCookies":true,"settingDisableRenderRequestBody":false,"settingEncodeUrl":true,"settingRebuildPath":true,"settingFollowRedirects":"global","_type":"request"},{"_id":"req_dbea0755d4c34779b8256c03572ed560","parentId":"fld_24bcb9de9f744f02b1d62a792d5472b4","modified":1632228497403,"created":1632223971948,"url":"http://localhost:8080/orcamento/3","name":"GET Orçamento pelo ID","description":"","method":"GET","body":{},"parameters":[],"headers":[],"authentication":{},"metaSortKey":-1632163696467,"isPrivate":false,"settingStoreCookies":true,"settingSendCookies":true,"settingDisableRenderRequestBody":false,"settingEncodeUrl":true,"settingRebuildPath":true,"settingFollowRedirects":"global","_type":"request"},{"_id":"req_63390e0394f749e99a4f45ddfa71fb14","parentId":"fld_24bcb9de9f744f02b1d62a792d5472b4","modified":1632226428390,"created":1632223971956,"url":"http://localhost:8080/orcamento/excluir/7","name":"DELETE Orçamento","description":"","method":"DELETE","body":{},"parameters":[],"headers":[],"authentication":{},"metaSortKey":-1632163696417,"isPrivate":false,"settingStoreCookies":true,"settingSendCookies":true,"settingDisableRenderRequestBody":false,"settingEncodeUrl":true,"settingRebuildPath":true,"settingFollowRedirects":"global","_type":"request"},{"_id":"env_381eb7e1cb05e0574a7524fc5f4648202685da21","parentId":"wrk_f762bea89ab04b51a38ae4dcd69b9b3f","modified":1632163679085,"created":1632163679085,"name":"Base Environment","data":{},"dataPropertyOrder":null,"color":null,"isPrivate":false,"metaSortKey":1632163679085,"_type":"environment"},{"_id":"jar_381eb7e1cb05e0574a7524fc5f4648202685da21","parentId":"wrk_f762bea89ab04b51a38ae4dcd69b9b3f","modified":1632163679095,"created":1632163679095,"name":"Default Jar","cookies":[],"_type":"cookie_jar"},{"_id":"spc_3e602e697c444f44905b27dcc416d67d","parentId":"wrk_f762bea89ab04b51a38ae4dcd69b9b3f","modified":1632163678743,"created":1632163678743,"fileName":"Exercicio 03 - Orçamentos para Mecânica","contents":"","contentType":"yaml","_type":"api_spec"}]}